<NotepadPlus>
    <UserLang name="PAWN" ext="pwn inc own">
        <Settings>
            <Global caseIgnored="no" escapeChar="\" />
            <TreatAsSymbol comment="yes" commentLine="yes" />
            <Prefix words1="no" words2="no" words3="no" words4="no" />
        </Settings>
        <KeywordLists>
            <Keywords name="Delimiters">&quot;&apos;0&quot;&apos;0</Keywords>
            <Keywords name="Folder+">{</Keywords>
            <Keywords name="Folder-">}</Keywords>
            <Keywords name="Operators">&apos; - ! &quot; % &amp; ( ) , : ; ? [ ] ^ { | } ~ + &lt; = &gt;</Keywords>
            <Keywords name="Comment">1/* 2*/ 0//</Keywords>
            <Keywords name="Words1">@receivepacket @receivestring AddMenuItem AddPlayerClass AddPlayerClassEx AddStaticPickup AddStaticVehicle AddStaticVehicleEx AddVehicleComponent AllowAdminTeleport AllowInteriorWeapons AllowPlayerTeleport ApplyAnimation Attach3DTextLabelToPlayer Attach3DTextLabelToVehicle AttachCameraToObject AttachCameraToPlayerObject AttachObjectToObject AttachObjectToPlayer AttachObjectToVehicle AttachPlayerObjectToPlayer AttachPlayerObjectToVehicle AttachTrailerToVehicle Ban BanEx CallLocalFunction CallRemoteFunction CancelEdit CancelSelectTextDraw ChangeVehicleColor ChangeVehiclePaintjob ClearAnimations ConnectNPC Create3DTextLabel CreateExplosion CreateMenu CreateObject CreatePickup CreatePlayer3DTextLabel CreatePlayerObject CreatePlayerTextDraw CreateVehicle Delete3DTextLabel DeletePVar DeletePlayer3DTextLabel DestroyMenu DestroyObject DestroyPickup DestroyPlayerObject DestroyVehicle DetachTrailerFromVehicle DisableInteriorEnterExits DisableMenu DisableMenuRow DisableNameTagLOS DisablePlayerCheckpoint DisablePlayerRaceCheckpoint EditAttachedObject EditObject EditPlayerObject EnableStuntBonusForAll EnableStuntBonusForPlayer EnableTirePopping EnableVehicleFriendlyFire EnableZoneNames ForceClassSelection GameModeExit GameTextForAll GameTextForPlayer GangZoneCreate GangZoneDestroy GangZoneFlashForAll GangZoneFlashForPlayer GangZoneHideForAll GangZoneHideForPlayer GangZoneShowForAll GangZoneShowForPlayer GangZoneStopFlashForAll GangZoneStopFlashForPlayer GetAnimationName GetDistanceFromMeToPoint GetMaxPlayers GetMyFacingAngle GetMyPos GetNetworkStats GetObjectPos GetObjectRot GetPVarFloat GetPVarInt GetPVarNameAtIndex GetPVarString GetPVarType GetPVarsUpperIndex GetPlayerAmmo GetPlayerAnimationIndex GetPlayerArmedWeapon GetPlayerArmour GetPlayerArmour GetPlayerCameraFrontVector GetPlayerCameraMode GetPlayerCameraPos GetPlayerColor GetPlayerDrunkLevel GetPlayerFacingAngle GetPlayerFightingStyle GetPlayerHealth GetPlayerHealth GetPlayerInterior GetPlayerIp GetPlayerKeys GetPlayerMenu GetPlayerMoney GetPlayerName GetPlayerNetworkStats GetPlayerObjectPos GetPlayerObjectRot GetPlayerPing GetPlayerPos GetPlayerScore GetPlayerSkin GetPlayerSpecialAction GetPlayerState GetPlayerSurfingObjectID GetPlayerSurfingVehicleID GetPlayerTargetPlayer GetPlayerTeam GetPlayerTime GetPlayerVehicleID GetPlayerVehicleSeat GetPlayerVelocity GetPlayerVersion GetPlayerVirtualWorld GetPlayerWantedLevel GetPlayerWeapon GetPlayerWeaponData GetPlayerWeaponState GetServerVarAsBool GetServerVarAsInt GetServerVarAsString GetTickCount GetVehicleComponentInSlot GetVehicleComponentType GetVehicleDamageStatus GetVehicleDistanceFromPoint GetVehicleHealth GetVehicleModel GetVehicleModelInfo GetVehicleParamsExGetVehiclePos GetVehicleRotationQuat GetVehicleTrailer GetVehicleVelocity GetVehicleVirtualWorld GetVehicleZAngle GetWeaponName GivePlayerMoney GivePlayerWeapon HTTP HideMenuForPlayer InterpolateCameraLookAt InterpolateCameraPos IsObjectMoving IsPlayerAdmin IsPlayerAttachedObjectSlotUsed IsPlayerConnected IsPlayerInAnyVehicle IsPlayerInCheckpoint IsPlayerInRaceCheckpoint IsPlayerInRangeOfPoint IsPlayerInRangeOfPoint IsPlayerInVehicle IsPlayerNPC IsPlayerObjectMoving IsPlayerStreamedIn IsPlayerStreamedIn IsTrailerAttachedToVehicle IsValidMenu IsValidObject IsValidPlayerObject IsVehicleStreamedIn IsVehicleStreamedIn Kick KillTimer LimitGlobalChatRadius LimitPlayerMarkerRadius LinkVehicleToInterior ManualVehicleEngineAndLights MoveObject MovePlayerObject OnClientMessage OnDialogResponse OnEnterExitModShop OnFilterScriptExit OnFilterScriptInit OnGameModeExit OnGameModeInit OnNPCConnect OnNPCDisconnect OnNPCEnterVehicle OnNPCExitVehicle OnNPCModeExit OnNPCModeInit OnNPCSpawn OnObjectMoved OnPlayerClickMap OnPlayerClickPlayer OnPlayerClickPlayerTextDraw OnPlayerClickTextDraw OnPlayerCommandText OnPlayerConnect OnPlayerDeath OnPlayerDeath OnPlayerDisconnect OnPlayerEditAttachedObject OnPlayerEditObject OnPlayerEnterCheckpoint OnPlayerEnterRaceCheckpoint OnPlayerEnterVehicle OnPlayerExitVehicle OnPlayerExitedMenu OnPlayerGiveDamage OnPlayerInteriorChange OnPlayerKeyStateChange OnPlayerLeaveCheckpoint OnPlayerLeaveRaceCheckpoint OnPlayerObjectMoved OnPlayerPickUpPickup OnPlayerRequestClass OnPlayerRequestSpawn OnPlayerSelectObject OnPlayerSelectedMenuRow OnPlayerSpawn OnPlayerStateChange OnPlayerStreamIn OnPlayerStreamIn OnPlayerStreamOut OnPlayerStreamOut OnPlayerTakeDamage OnPlayerText OnPlayerUpdate OnRconCommand OnRconLoginAttempt OnRecordingPlaybackEnd OnVehicleDamageStatusUpdate OnVehicleDeath OnVehicleMod OnVehiclePaintjob OnVehicleRespray OnVehicleSpawn OnVehicleStreamIn OnVehicleStreamIn OnVehicleStreamOut OnVehicleStreamOut PauseRecordingPlayback PlayAudioStreamForPlayer PlayCrimeReportForPlayer PlayerPlaySound PlayerSpectatePlayer PlayerSpectateVehicle PlayerTextDrawAlignment PlayerTextDrawBackgroundColor PlayerTextDrawBoxColor PlayerTextDrawColor PlayerTextDrawDestroy PlayerTextDrawFont PlayerTextDrawHide PlayerTextDrawLetterSize PlayerTextDrawSetOutline PlayerTextDrawSetPreviewModel PlayerTextDrawSetPreviewRot PlayerTextDrawSetPreviewVehCol PlayerTextDrawSetProportional PlayerTextDrawSetSelectable PlayerTextDrawSetShadow PlayerTextDrawSetString PlayerTextDrawShow PlayerTextDrawTextSize PlayerTextDrawUseBox PutPlayerInVehicle RemoveBuildingForPlayer RemovePlayerAttachedObject RemovePlayerFromVehicle RemovePlayerMapIcon RemoveVehicleComponent RepairVehicle ResetPlayerMoney ResetPlayerWeapons ResumeRecordingPlayback SelectObject SelectTextDraw SendChat SendClientMessage SendClientMessageToAll SendCommand SendDeathMessage SendPlayerMessageToAll SendPlayerMessageToPlayer SendRconCommand SetCameraBehindPlayer SetDeathDropAmount SetGameModeText SetGravity SetMenuColumnHeader SetMyFacingAngle SetMyPos SetNameTagDrawDistance SetObjectMaterial SetObjectMaterialText SetObjectPos SetObjectRot SetPVarFloat SetPVarInt SetPVarString SetPlayerAmmo SetPlayerArmedWeapon SetPlayerArmour SetPlayerAttachedObject SetPlayerCameraLookAt SetPlayerCameraPos SetPlayerChatBubble SetPlayerCheckpoint SetPlayerColor SetPlayerDrunkLevel SetPlayerFacingAngle SetPlayerFightingStyle SetPlayerHealth SetPlayerInterior SetPlayerMapIcon SetPlayerMarkerForPlayer SetPlayerName SetPlayerObjectMaterial SetPlayerObjectMaterialText SetPlayerObjectPos SetPlayerObjectRot SetPlayerPos SetPlayerPosFindZ SetPlayerRaceCheckpoint SetPlayerScore SetPlayerShopName SetPlayerSkillLevel SetPlayerSkin SetPlayerSpecialAction SetPlayerTeam SetPlayerTime SetPlayerVelocity SetPlayerVirtualWorld SetPlayerWantedLevel SetPlayerWeather SetPlayerWorldBounds SetSpawnInfo SetTeamCount SetTimer SetTimerEx SetVehicleAngularVelocity SetVehicleHealth SetVehicleNumberPlate SetVehicleParamsEx SetVehicleParamsForPlayer SetVehiclePos SetVehicleToRespawn SetVehicleVelocity SetVehicleVirtualWorld SetVehicleZAngle SetWeather SetWorldTime ShowMenuForPlayer ShowNameTags ShowPlayerDialog ShowPlayerMarkers ShowPlayerNameTagForPlayer SpawnPlayer StartRecordingPlayback StartRecordingPlayerData StopAudioStreamForPlayer StopObject StopPlayerObject StopRecordingPlayback StopRecordingPlayerData TextDrawAlignment TextDrawBackgroundColor TextDrawBoxColor TextDrawColor TextDrawCreate TextDrawDestroy TextDrawFont TextDrawHideForAll TextDrawHideForPlayer TextDrawLetterSize TextDrawSetOutline TextDrawSetPreviewModel TextDrawSetPreviewRot TextDrawSetPreviewVehCol TextDrawSetProportional TextDrawSetSelectable TextDrawSetShadow TextDrawSetString TextDrawShowForAll TextDrawShowForPlayer TextDrawTextSize TextDrawUseBox TogglePlayerClock TogglePlayerControllable TogglePlayerSpectating Update3DTextLabelText UpdatePlayer3DTextLabelText UpdateVehicleDamageStatus UsePlayerPedAnims acos asin atan atan2 clamp db_close db_field_name db_free_result db_get_field db_get_field_assoc db_next_row db_num_fields db_num_rows db_open db_query deleteproperty existproperty fblockread fblockwrite fclose fexist fgetchar flength float floatabs floatadd floatcmp floatcos floatdiv floatfract floatlog floatmul floatpower floatround floatsin floatsqroot floatstr floatsub floattan fmatch fopen format fputchar fread fremove fseek ftemp funcidx fwrite getarg getdate getproperty gettime heapspace ispacked listenport max memcpy min numargs print printf random sendpacket sendstring setarg setproperty strcat strcmp strdel strfind strins strlen strmid strpack strunpack strval swapchars tickcount tolower toupper uudecode uuencode valstr</Keywords>
            <Keywords name="Words2">SPECIAL_ACTION_NONE SPECIAL_ACTION_DUCK SPECIAL_ACTION_USEJETPACK SPECIAL_ACTION_ENTER_VEHICLE SPECIAL_ACTION_EXIT_VEHICLE SPECIAL_ACTION_DANCE1 SPECIAL_ACTION_DANCE2 SPECIAL_ACTION_DANCE3 SPECIAL_ACTION_DANCE4 SPECIAL_ACTION_HANDSUP SPECIAL_ACTION_USECELLPHONE SPECIAL_ACTION_SITTING SPECIAL_ACTION_STOPUSECELLPHONE SPECIAL_ACTION_DRINK_BEER SPECIAL_ACTION_SMOKE_CIGGY SPECIAL_ACTION_DRINK_WINE SPECIAL_ACTION_DRINK_SPRUNK FIGHT_STYLE_NORMAL FIGHT_STYLE_BOXING FIGHT_STYLE_KUNGFU FIGHT_STYLE_KNEEHEAD FIGHT_STYLE_GRABKICK FIGHT_STYLE_ELBOW WEAPONSKILL_PISTOL WEAPONSKILL_PISTOL_SILENCED WEAPONSKILL_DESERT_EAGLE WEAPONSKILL_SHOTGUN WEAPONSKILL_SAWNOFF_SHOTGUN WEAPONSKILL_SPAS12_SHOTGUN WEAPONSKILL_MICRO_UZI WEAPONSKILL_MP5 WEAPONSKILL_AK47 WEAPONSKILL_M4 WEAPONSKILL_SNIPERRIFLE WEAPONSTATE_UNKNOWN WEAPONSTATE_NO_BULLETS WEAPONSTATE_LAST_BULLET WEAPONSTATE_MORE_BULLETS WEAPONSTATE_RELOADING PLAYER_VARTYPE_NONE PLAYER_VARTYPE_INT PLAYER_VARTYPE_STRING PLAYER_VARTYPE_FLOAT MAX_CHATBUBBLE_LENGTH SPECTATE_MODE_NORMAL SPECTATE_MODE_FIXED SPECTATE_MODE_SIDE PLAYER_RECORDING_TYPE_NONE PLAYER_RECORDING_TYPE_DRIVER PLAYER_RECORDING_TYPE_ONFOOT _objects_included _samp_included PLAYER_RECORDING_TYPE_NONE PLAYER_RECORDING_TYPE_DRIVER PLAYER_RECORDING_TYPE_ONFOOT PLAYER_STATE_NONE PLAYER_STATE_ONFOOT PLAYER_STATE_DRIVER PLAYER_STATE_PASSENGER PLAYER_STATE_WASTED PLAYER_STATE_SPAWNED PLAYER_STATE_SPECTATING MAX_PLAYER_NAME MAX_PLAYERS MAX_VEHICLES INVALID_PLAYER_ID INVALID_VEHICLE_ID NO_TEAM MAX_OBJECTS INVALID_OBJECT_ID MAX_GANG_ZONES MAX_TEXT_DRAWS MAX_MENUS INVALID_MENU INVALID_TEXT_DRAW INVALID_GANG_ZONE WEAPON_BRASSKNUCKLE WEAPON_GOLFCLUB WEAPON_NITESTICK WEAPON_KNIFE WEAPON_BAT WEAPON_SHOVEL WEAPON_POOLSTICK WEAPON_KATANA WEAPON_CHAINSAW WEAPON_DILDO WEAPON_DILDO2 WEAPON_VIBRATOR WEAPON_VIBRATOR2 WEAPON_FLOWER WEAPON_CANE WEAPON_GRENADE WEAPON_TEARGAS WEAPON_MOLTOV WEAPON_COLT45 WEAPON_SILENCED WEAPON_DEAGLE WEAPON_SHOTGUN WEAPON_SAWEDOFF WEAPON_SHOTGSPA WEAPON_UZI WEAPON_MP5 WEAPON_AK47 WEAPON_M4 WEAPON_TEC9 WEAPON_RIFLE WEAPON_SNIPER WEAPON_ROCKETLAUNCHER WEAPON_HEATSEEKER WEAPON_FLAMETHROWER WEAPON_MINIGUN WEAPON_SATCHEL WEAPON_BOMB WEAPON_SPRAYCAN WEAPON_FIREEXTINGUISHER WEAPON_CAMERA WEAPON_PARACHUTE WEAPON_VEHICLE WEAPON_DROWN WEAPON_COLLISION KEY_ACTION KEY_CROUCH KEY_FIRE KEY_SPRINT KEY_SECONDARY_ATTACK KEY_JUMP KEY_LOOK_RIGHT KEY_HANDBRAKE KEY_LOOK_LEFT KEY_SUBMISSION KEY_LOOK_BEHIND KEY_WALK KEY_ANALOG_UP KEY_ANALOG_DOWN KEY_ANALOG_RIGHT KEY_ANALOG_LEFT KEY_UP KEY_DOWN KEY_LEFT KEY_RIGHT HTTP_GET HTTP_POST HTTP_HEAD HTTP_ERROR_BAD_HOST HTTP_ERROR_NO_SOCKET HTTP_ERROR_CANT_CONNECT HTTP_ERROR_CANT_WRITE HTTP_ERROR_CONTENT_TOO_BIG HTTP_ERROR_MALFORMED_RESPONSE _time_included _string_included _Float_included _file_included _datagram_included _core_included _vehicles_included CARMODTYPE_SPOILER CARMODTYPE_HOOD CARMODTYPE_ROOF CARMODTYPE_SIDESKIRT CARMODTYPE_LAMPS CARMODTYPE_NITRO CARMODTYPE_EXHAUST CARMODTYPE_WHEELS CARMODTYPE_STEREO CARMODTYPE_HYDRAULICS CARMODTYPE_FRONT_BUMPER CARMODTYPE_REAR_BUMPER CARMODTYPE_VENT_RIGHT CARMODTYPE_VENT_LEFT _sampdb_included _samp_included MAX_PLAYER_NAME MAX_PLAYERS MAX_VEHICLES INVALID_PLAYER_ID INVALID_VEHICLE_ID NO_TEAM MAX_OBJECTS INVALID_OBJECT_ID MAX_GANG_ZONES MAX_TEXT_DRAWS MAX_MENUS MAX_XT_GLOBAL MAX_3DTEXT_PLAYER MAX_PICKUPS INVALID_MENU INVALID_TEXT_DRAW INVALID_GANG_ZONE INVALID_3DTEXT_ID DIALOG_STYLE_MSGBOX DIALOG_STYLE_INPUT DIALOG_STYLE_LIST DIALOG_STYLE_PASSWORD PLAYER_STATE_NONE PLAYER_STATE_ONFOOT PLAYER_STATE_DRIVER PLAYER_STATE_PASSENGER PLAYER_STATE_EXIT_VEHICLE PLAYER_STATE_ENTER_VEHICLE_DRIVER PLAYER_STATE_ENTER_VEHICLE_PASSENGER PLAYER_STATE_WASTED PLAYER_STATE_SPAWNED PLAYER_STATE_SPECTATING PLAYER_MARKERS_MODE_OFF PLAYER_MARKERS_MODE_GLOBAL PLAYER_MARKERS_MODE_STREAMED WEAPON_BRASSKNUCKLE WEAPON_GOLFCLUB WEAPON_NITESTICK WEAPON_KNIFE WEAPON_BAT WEAPON_SHOVEL WEAPON_POOLSTICK WEAPON_KATANA WEAPON_CHAINSAW WEAPON_DILDO WEAPON_DILDO2 WEAPON_VIBRATOR WEAPON_VIBRATOR2 WEAPON_FLOWER WEAPON_CANE WEAPON_GRENADE WEAPON_TEARGAS WEAPON_MOLTOV WEAPON_COLT45 WEAPON_SILENCED WEAPON_DEAGLE WEAPON_SHOTGUN WEAPON_SAWEDOFF WEAPON_SHOTGSPA WEAPON_UZI WEAPON_MP5 WEAPON_AK47 WEAPON_M4 WEAPON_TEC9 WEAPON_RIFLE WEAPON_SNIPER WEAPON_ROCKETLAUNCHER WEAPON_HEATSEEKER WEAPON_FLAMETHROWER WEAPON_MINIGUN WEAPON_SATCHEL WEAPON_BOMB WEAPON_SPRAYCAN WEAPON_FIREEXTINGUISHER WEAPON_CAMERA WEAPON_PARACHUTE WEAPON_VEHICLE WEAPON_DROWN WEAPON_COLLISION KEY_ACTION KEY_CROUCH KEY_FIRE KEY_SPRINT KEY_SECONDARY_ATTACK KEY_JUMP KEY_LOOK_RIGHT KEY_HANDBRAKE KEY_LOOK_LEFT KEY_SUBMISSION KEY_LOOK_BEHIND KEY_WALK KEY_ANALOG_UP KEY_ANALOG_DOWN KEY_ANALOG_LEFT KEY_ANALOG_RIGHT KEY_UP KEY_DOWN KEY_LEFT KEY_RIGHT CLICK_SOURCE_SCOREBOARD floatround_round floatround_floor floatround_ceil floatround_tozero floatround_unbiased seek_start seek_current seek_end EOS cellbits cellmax cellmin charbits charmin charmax ucharmax __Pawn debug overlaysize radian degrees grades MAX_PLAYER_ATTACHED_OBJECTS VEHICLE_PARAMS_UNSET VEHICLE_PARAMS_OFF VEHICLE_PARAMS_ON OBJECT_MATERIAL_SIZE_32x32 OBJECT_MATERIAL_SIZE_64x32 OBJECT_MATERIAL_SIZE_64x64 OBJECT_MATERIAL_SIZE_128x32 OBJECT_MATERIAL_SIZE_128x64 OBJECT_MATERIAL_SIZE_128x128 OBJECT_MATERIAL_SIZE_256x32 OBJECT_MATERIAL_SIZE_256x64 OBJECT_MATERIAL_SIZE_256x128 OBJECT_MATERIAL_SIZE_256x256 OBJECT_MATERIAL_SIZE_512x64 OBJECT_MATERIAL_SIZE_512x128 OBJECT_MATERIAL_SIZE_512x256 OBJECT_MATERIAL_SIZE_512x512 OBJECT_MATERIAL_TEXT_ALIGN_LEFT OBJECT_MATERIAL_TEXT_ALIGN_CENTER OBJECT_MATERIAL_TEXT_ALIGN_RIGHT MAPICON_LOCAL MAPICON_GLOBAL MAPICON_LOCAL_CHECKPOINT MAPICON_GLOBAL_CHECKPOINT CAMERA_CUT CAMERA_MOVE MAX_PLAYER_TEXT_DRAWS MAX_3DTEXT_GLOBAL KEY_YES KEY_NO KEY_CTRL_BACK EDIT_RESPONSE_CANCEL EDIT_RESPONSE_FINAL EDIT_RESPONSE_UPDATE SELECT_OBJECT_GLOBAL_OBJECT SELECT_OBJECT_PLAYER_OBJECT VEHICLE_MODEL_INFO_SIZE VEHICLE_MODEL_INFO_FRONTSEAT VEHICLE_MODEL_INFO_REARSEAT VEHICLE_MODEL_INFO_PETROLCAP VEHICLE_MODEL_INFO_WHEELSFRONT VEHICLE_MODEL_INFO_WHEELSREAR VEHICLE_MODEL_INFO_WHEELSMID VEHICLE_MODEL_INFO_FRONT_BUMPER_Z VEHICLE_MODEL_INFO_REAR_BUMPER_Z io_read io_write io_readwrite io_append</Keywords>
            <Keywords name="Words3">#assert #define #else #elseif #endif #endinput #error #file #if #include #line #pragma #tryinclude #undef #emit</Keywords>
            <Keywords name="Words4">DB DBResult File Float Menu PlayerText3D Text Text3D _ anglemode assert bool break case char const continue default defined do else enum exit false filemode floatround_method for forward goto if library native new operator public return seek_whence sizeof sleep state static stock switch tagof true while</Keywords>
        </KeywordLists>
        <Styles>
            <WordsStyle name="DEFAULT" styleID="11" fgColor="000000" bgColor="FFFFFF" fontName="" fontStyle="0" />
            <WordsStyle name="FOLDEROPEN" styleID="12" fgColor="000000" bgColor="FFFFFF" fontName="" fontStyle="0" />
            <WordsStyle name="FOLDERCLOSE" styleID="13" fgColor="000000" bgColor="FFFFFF" fontName="" fontStyle="0" />
            <WordsStyle name="KEYWORD1" styleID="5" fgColor="000080" bgColor="FFFFFF" fontName="" fontStyle="0" />
            <WordsStyle name="KEYWORD2" styleID="6" fgColor="800000" bgColor="FFFFFF" fontName="" fontStyle="0" />
            <WordsStyle name="KEYWORD3" styleID="7" fgColor="800000" bgColor="FFFFFF" fontName="" fontStyle="1" />
            <WordsStyle name="KEYWORD4" styleID="8" fgColor="0000C0" bgColor="FFFFFF" fontName="" fontStyle="1" />
            <WordsStyle name="COMMENT" styleID="1" fgColor="008000" bgColor="FFFFFF" fontName="" fontStyle="0" />
            <WordsStyle name="COMMENT LINE" styleID="2" fgColor="008000" bgColor="FFFFFF" fontName="" fontStyle="0" />
            <WordsStyle name="NUMBER" styleID="4" fgColor="FF8000" bgColor="FFFFFF" fontName="" fontStyle="0" />
            <WordsStyle name="OPERATOR" styleID="10" fgColor="000000" bgColor="FFFFFF" fontName="" fontStyle="0" />
            <WordsStyle name="DELIMINER1" styleID="14" fgColor="808080" bgColor="FFFFFF" fontName="" fontStyle="0" />
            <WordsStyle name="DELIMINER2" styleID="15" fgColor="808080" bgColor="FFFFFF" fontName="" fontStyle="0" />
            <WordsStyle name="DELIMINER3" styleID="16" fgColor="000000" bgColor="FFFFFF" fontName="" fontStyle="0" />
        </Styles>
    </UserLang>
</NotepadPlus>
